Workbook

Sheet Mapping
A1: ets_activity_code | B1: nace_level_3_code | C1: nace_level_3_label | D1: nace_level_3_cnt | E1: ets_activity_name | F1: ets_activity_cnt | G1: nace_level_3_summarised
A2: 10 | B2: 51.1 | C2: =IF(B2="","",VLOOKUP(NormalizedMappingTable[[#This Row],[nace_level_3_code]],'NACE Rev. 2 Level 3'!A:B,2,FALSE)) -> Passenger air transport | D2: =COUNTIF(C:C,NormalizedMappingTable[[#This Row],[nace_level_3_label]]) -> 1 | E2: Aviation | F2: =COUNTIF(E:E,E2) -> 2 | G2: Air and sprace transport
A3: 10 | B3: 51.2 | C3: =IF(B3="","",VLOOKUP(NormalizedMappingTable[[#This Row],[nace_level_3_code]],'NACE Rev. 2 Level 3'!A:B,2,FALSE)) -> Freight air transport and space transport | D3: =COUNTIF(C:C,NormalizedMappingTable[[#This Row],[nace_level_3_label]]) -> 1 | E3: Aviation | F3: =COUNTIF(E:E,E3) -> 2 | G3: Air and sprace transport
A4: 20 | B4: 35.1 | C4: =IF(B4="","",VLOOKUP(NormalizedMappingTable[[#This Row],[nace_level_3_code]],'NACE Rev. 2 Level 3'!A:B,2,FALSE)) -> Electric power generation, transmission and distribution | D4: =COUNTIF(C:C,NormalizedMappingTable[[#This Row],[nace_level_3_label]]) -> 1 | E4: Combustion of fuels | F4: =COUNTIF(E:E,E4) -> 2 | G4: =IF(D4="","",VLOOKUP(NormalizedMappingTable[[#This Row],[nace_level_3_code]],'NACE Rev. 2 Level 3'!C:D,2,FALSE)) -> #N/A
A5: 20 | B5: 35.3 | C5: =IF(B5="","",VLOOKUP(NormalizedMappingTable[[#This Row],[nace_level_3_code]],'NACE Rev. 2 Level 3'!A:B,2,FALSE)) -> Steam and air conditioning supply | D5: =COUNTIF(C:C,NormalizedMappingTable[[#This Row],[nace_level_3_label]]) -> 1 | E5: Combustion of fuels | F5: =COUNTIF(E:E,E5) -> 2
A6: 21 | B6: 19.2 | C6: =IF(B6="","",VLOOKUP(NormalizedMappingTable[[#This Row],[nace_level_3_code]],'NACE Rev. 2 Level 3'!A:B,2,FALSE)) -> Manufacture of refined petroleum products | D6: =COUNTIF(C:C,NormalizedMappingTable[[#This Row],[nace_level_3_label]]) -> 1 | E6: Refining of mineral oil | F6: =COUNTIF(E:E,E6) -> 1
A7: 22 | B7: 19.1 | C7: =IF(B7="","",VLOOKUP(NormalizedMappingTable[[#This Row],[nace_level_3_code]],'NACE Rev. 2 Level 3'!A:B,2,FALSE)) -> Manufacture of coke oven products | D7: =COUNTIF(C:C,NormalizedMappingTable[[#This Row],[nace_level_3_label]]) -> 1 | E7: Production of coke | F7: =COUNTIF(E:E,E7) -> 1
A8: 23 | B8: 24.1 | C8: =IF(B8="","",VLOOKUP(NormalizedMappingTable[[#This Row],[nace_level_3_code]],'NACE Rev. 2 Level 3'!A:B,2,FALSE)) -> Manufacture of basic iron and steel and of ferro-alloys | D8: =COUNTIF(C:C,NormalizedMappingTable[[#This Row],[nace_level_3_label]]) -> 3 | E8: Metal ore roasting or sintering | F8: =COUNTIF(E:E,E8) -> 2
A9: 23 | B9: 24.4 | C9: =IF(B9="","",VLOOKUP(NormalizedMappingTable[[#This Row],[nace_level_3_code]],'NACE Rev. 2 Level 3'!A:B,2,FALSE)) -> Manufacture of basic precious and other non-ferrous metals | D9: =COUNTIF(C:C,NormalizedMappingTable[[#This Row],[nace_level_3_label]]) -> 4 | E9: Metal ore roasting or sintering | F9: =COUNTIF(E:E,E9) -> 2
A10: 24 | B10: 24.1 | C10: =IF(B10="","",VLOOKUP(NormalizedMappingTable[[#This Row],[nace_level_3_code]],'NACE Rev. 2 Level 3'!A:B,2,FALSE)) -> Manufacture of basic iron and steel and of ferro-alloys | D10: =COUNTIF(C:C,NormalizedMappingTable[[#This Row],[nace_level_3_label]]) -> 3 | E10: Production of pig iron or steel | F10: =COUNTIF(E:E,E10) -> 1
A11: 25 | B11: 24.1 | C11: =IF(B11="","",VLOOKUP(NormalizedMappingTable[[#This Row],[nace_level_3_code]],'NACE Rev. 2 Level 3'!A:B,2,FALSE)) -> Manufacture of basic iron and steel and of ferro-alloys | D11: =COUNTIF(C:C,NormalizedMappingTable[[#This Row],[nace_level_3_label]]) -> 3 | E11: Production or processing of ferrous metals | F11: =COUNTIF(E:E,E11) -> 3
A12: 25 | B12: 24.2 | C12: =IF(B12="","",VLOOKUP(NormalizedMappingTable[[#This Row],[nace_level_3_code]],'NACE Rev. 2 Level 3'!A:B,2,FALSE)) -> Manufacture of tubes, pipes, hollow profiles and related fittings, of steel | D12: =COUNTIF(C:C,NormalizedMappingTable[[#This Row],[nace_level_3_label]]) -> 1 | E12: Production or processing of ferrous metals | F12: =COUNTIF(E:E,E12) -> 3
A13: 25 | B13: 24.3 | C13: =IF(B13="","",VLOOKUP(NormalizedMappingTable[[#This Row],[nace_level_3_code]],'NACE Rev. 2 Level 3'!A:B,2,FALSE)) -> Manufacture of other products of first processing of steel | D13: =COUNTIF(C:C,NormalizedMappingTable[[#This Row],[nace_level_3_label]]) -> 1 | E13: Production or processing of ferrous metals | F13: =COUNTIF(E:E,E13) -> 3
A14: 26 | B14: 24.4 | C14: =IF(B14="","",VLOOKUP(NormalizedMappingTable[[#This Row],[nace_level_3_code]],'NACE Rev. 2 Level 3'!A:B,2,FALSE)) -> Manufacture of basic precious and other non-ferrous metals | D14: =COUNTIF(C:C,NormalizedMappingTable[[#This Row],[nace_level_3_label]]) -> 4 | E14: Production of primary aluminium | F14: =COUNTIF(E:E,E14) -> 1
A15: 27 | B15: 24.4 | C15: =IF(B15="","",VLOOKUP(NormalizedMappingTable[[#This Row],[nace_level_3_code]],'NACE Rev. 2 Level 3'!A:B,2,FALSE)) -> Manufacture of basic precious and other non-ferrous metals | D15: =COUNTIF(C:C,NormalizedMappingTable[[#This Row],[nace_level_3_label]]) -> 4 | E15: Production of secondary aluminium | F15: =COUNTIF(E:E,E15) -> 1
A16: 28 | B16: 24.4 | C16: =IF(B16="","",VLOOKUP(NormalizedMappingTable[[#This Row],[nace_level_3_code]],'NACE Rev. 2 Level 3'!A:B,2,FALSE)) -> Manufacture of basic precious and other non-ferrous metals | D16: =COUNTIF(C:C,NormalizedMappingTable[[#This Row],[nace_level_3_label]]) -> 4 | E16: Production or processing of non-ferrous metals | F16: =COUNTIF(E:E,E16) -> 1
... A39: 50 | B39: 50.2 | C39: =IF(B39="","",VLOOKUP(NormalizedMappingTable[[#This Row],[nace_level_3_code]],'NACE Rev. 2 Level 3'!A:B,2,FALSE)) -> Sea and coastal freight water transport | D39: =COUNTIF(C:C,NormalizedMappingTable[[#This Row],[nace_level_3_label]]) -> 1 | E39: Maritime Transport | F39: =COUNTIF(E:E,E39) -> 2
D41: =COUNTIF(NormalizedMappingTable[nace_level_3_cnt],1)/COUNT(NormalizedMappingTable[nace_level_3_cnt]) -> 0.5 | F41: =COUNTIF(NormalizedMappingTable[ets_activity_cnt],1)/COUNT(NormalizedMappingTable[ets_activity_cnt]) -> 0.52631579

Sheet ETS activities
A1: ets_activity_code | B1: ets_activity_name | C1: mapped | F1: main_activity_code
A2: 10 | B2: Aviation | C2: =_xlfn.IFNA(IF(VLOOKUP(A2,Mapping!A:C,4,FALSE)<>"",1,0),0) -> #REF! | F2: 10
A3: 20 | B3: Combustion of fuels | C3: =_xlfn.IFNA(IF(VLOOKUP(A3,Mapping!A:C,4,FALSE)<>"",1,0),0) -> #REF! | F3: 20
A4: 20-99 | B4: All stationary installations | C4: =_xlfn.IFNA(IF(VLOOKUP(A4,Mapping!A:C,4,FALSE)<>"",1,0),0) -> 0 | F4: 20-99
A5: 21 | B5: Refining of mineral oil | C5: =_xlfn.IFNA(IF(VLOOKUP(A5,Mapping!A:C,4,FALSE)<>"",1,0),0) -> #REF! | F5: 21
A6: 21-99 | B6: All industrial installations (excl. combustion) | C6: =_xlfn.IFNA(IF(VLOOKUP(A6,Mapping!A:C,4,FALSE)<>"",1,0),0) -> 0 | F6: 21-99
A7: 22 | B7: Production of coke | C7: =_xlfn.IFNA(IF(VLOOKUP(A7,Mapping!A:C,4,FALSE)<>"",1,0),0) -> #REF! | F7: 22
A8: 23 | B8: Metal ore roasting or sintering | C8: =_xlfn.IFNA(IF(VLOOKUP(A8,Mapping!A:C,4,FALSE)<>"",1,0),0) -> #REF! | F8: 24
A9: 24 | B9: Production of pig iron or steel | C9: =_xlfn.IFNA(IF(VLOOKUP(A9,Mapping!A:C,4,FALSE)<>"",1,0),0) -> #REF! | F9: 29
A10: 25 | B10: Production or processing of ferrous metals | C10: =_xlfn.IFNA(IF(VLOOKUP(A10,Mapping!A:C,4,FALSE)<>"",1,0),0) -> #REF! | F10: 30
A11: 26 | B11: Production of primary aluminium | C11: =_xlfn.IFNA(IF(VLOOKUP(A11,Mapping!A:C,4,FALSE)<>"",1,0),0) -> #REF! | F11: 31
A12: 27 | B12: Production of secondary aluminium | C12: =_xlfn.IFNA(IF(VLOOKUP(A12,Mapping!A:C,4,FALSE)<>"",1,0),0) -> #REF! | F12: 32
A13: 28 | B13: Production or processing of non-ferrous metals | C13: =_xlfn.IFNA(IF(VLOOKUP(A13,Mapping!A:C,4,FALSE)<>"",1,0),0) -> #REF! | F13: 35
... A32: 99 | B32: Other activity opted-in under Art. 24 | C32: =_xlfn.IFNA(IF(VLOOKUP(A32,Mapping!A:C,4,FALSE)<>"",1,0),0) -> 0 | F32: 45

Sheet NACE Rev. 2 Level 3
A1: ID | B1: Label | C1: is_ets_activity | D1: Original
A2: =LEFT(D2,4) -> 01.1 | B2: =SUBSTITUTE(SUBSTITUTE(D2,A2&" ",""),RIGHT(D2,5),"") -> Growing of non-perennial crops | C2: =ISNUMBER(MATCH(A2, NormalizedMappingTable[nace_level_3_code], 0)) -> FALSE | D2: 01.1 Growing of non-perennial crops (en)
A3: =LEFT(D3,4) -> 01.2 | B3: =SUBSTITUTE(SUBSTITUTE(D3,A3&" ",""),RIGHT(D3,5),"") -> Growing of perennial crops | C3: =ISNUMBER(MATCH(A3, NormalizedMappingTable[nace_level_3_code], 0)) -> FALSE | D3: 01.2 Growing of perennial crops (en)
A4: =LEFT(D4,4) -> 01.3 | B4: =SUBSTITUTE(SUBSTITUTE(D4,A4&" ",""),RIGHT(D4,5),"") -> Plant propagation | C4: =ISNUMBER(MATCH(A4, NormalizedMappingTable[nace_level_3_code], 0)) -> FALSE | D4: 01.3 Plant propagation (en)
A5: =LEFT(D5,4) -> 01.4 | B5: =SUBSTITUTE(SUBSTITUTE(D5,A5&" ",""),RIGHT(D5,5),"") -> Animal production | C5: =ISNUMBER(MATCH(A5, NormalizedMappingTable[nace_level_3_code], 0)) -> FALSE | D5: 01.4 Animal production (en)
A6: =LEFT(D6,4) -> 01.5 | B6: =SUBSTITUTE(SUBSTITUTE(D6,A6&" ",""),RIGHT(D6,5),"") -> Mixed farming | C6: =ISNUMBER(MATCH(A6, NormalizedMappingTable[nace_level_3_code], 0)) -> FALSE | D6: 01.5 Mixed farming (en)
A7: =LEFT(D7,4) -> 01.6 | B7: =SUBSTITUTE(SUBSTITUTE(D7,A7&" ",""),RIGHT(D7,5),"") -> Support activities to agriculture and post-harvest crop activities | C7: =ISNUMBER(MATCH(A7, NormalizedMappingTable[nace_level_3_code], 0)) -> FALSE | D7: 01.6 Support activities to agriculture and post-harvest crop activities (en)
A8: =LEFT(D8,4) -> 01.7 | B8: =SUBSTITUTE(SUBSTITUTE(D8,A8&" ",""),RIGHT(D8,5),"") -> Hunting, trapping and related service activities | C8: =ISNUMBER(MATCH(A8, NormalizedMappingTable[nace_level_3_code], 0)) -> FALSE | D8: 01.7 Hunting, trapping and related service activities (en)
A9: =LEFT(D9,4) -> 02.1 | B9: =SUBSTITUTE(SUBSTITUTE(D9,A9&" ",""),RIGHT(D9,5),"") -> Silviculture and other forestry activities | C9: =ISNUMBER(MATCH(A9, NormalizedMappingTable[nace_level_3_code], 0)) -> FALSE | D9: 02.1 Silviculture and other forestry activities (en)
A10: =LEFT(D10,4) -> 02.2 | B10: =SUBSTITUTE(SUBSTITUTE(D10,A10&" ",""),RIGHT(D10,5),"") -> Logging | C10: =ISNUMBER(MATCH(A10, NormalizedMappingTable[nace_level_3_code], 0)) -> FALSE | D10: 02.2 Logging (en)
A11: =LEFT(D11,4) -> 02.3 | B11: =SUBSTITUTE(SUBSTITUTE(D11,A11&" ",""),RIGHT(D11,5),"") -> Gathering of wild growing non-wood products | C11: =ISNUMBER(MATCH(A11, NormalizedMappingTable[nace_level_3_code], 0)) -> FALSE | D11: 02.3 Gathering of wild growing non-wood products (en)
A12: =LEFT(D12,4) -> 02.4 | B12: =SUBSTITUTE(SUBSTITUTE(D12,A12&" ",""),RIGHT(D12,5),"") -> Support services to forestry | C12: =ISNUMBER(MATCH(A12, NormalizedMappingTable[nace_level_3_code], 0)) -> FALSE | D12: 02.4 Support services to forestry (en)
A13: =LEFT(D13,4) -> 03.1 | B13: =SUBSTITUTE(SUBSTITUTE(D13,A13&" ",""),RIGHT(D13,5),"") -> Fishing | C13: =ISNUMBER(MATCH(A13, NormalizedMappingTable[nace_level_3_code], 0)) -> FALSE | D13: 03.1 Fishing (en)
... A273: =LEFT(D273,4) -> 99.0 | B273: =SUBSTITUTE(SUBSTITUTE(D273,A273&" ",""),RIGHT(D273,5),"") -> Activities of extraterritorial organisations and bodies | C273: =ISNUMBER(MATCH(A273, NormalizedMappingTable[nace_level_3_code], 0)) -> FALSE | D273: 99.0 Activities of extraterritorial organisations and bodies (en)
